,Target,Predicted,Sample,Open,Close,DVT_STD
2010-08-24,-1,0,Train,5541.10009765625,5505.10009765625,48.59698286354485
2010-08-25,0,1,Train,5505.2998046875,5462.35009765625,46.8099709365146
2010-09-07,1,1,Train,5575.89990234375,5604.0,59.542556629063775
2010-09-17,0,0,Train,5828.7001953125,5884.9501953125,157.0825667182761
2010-09-20,0,0,Train,5885.0498046875,5980.4501953125,179.2124875608524
2010-09-21,0,0,Train,5980.5,6009.0498046875,199.28393120328985
2010-09-22,0,0,Train,6008.39990234375,5991.0,212.0917327260561
2010-09-23,0,0,Train,5991.0498046875,5959.5498046875,217.13185216223224
2010-09-24,0,0,Train,5959.4501953125,6018.2998046875,223.90893733966115
2010-09-27,0,0,Train,6018.2998046875,6035.64990234375,223.53080555507
2010-09-28,0,0,Train,6036.0498046875,6029.5,218.6649232653845
2010-09-29,0,0,Train,6029.14990234375,5991.2998046875,205.66490456117864
2010-09-30,0,0,Train,5991.35009765625,6029.9501953125,196.3695359857716
2010-10-01,0,0,Train,6030.2998046875,6143.39990234375,190.98972140224703
2010-10-04,0,0,Train,6144.7001953125,6159.4501953125,179.61207390954286
2010-10-05,0,0,Train,6159.4501953125,6145.7998046875,171.39357114325503
2010-10-06,0,0,Train,6150.9501953125,6186.4501953125,163.50150390052775
2010-10-07,0,0,Train,6186.85009765625,6120.2998046875,145.7756473179853
2010-10-08,1,0,Train,6121.39990234375,6103.4501953125,124.40829792439888
2010-10-11,0,0,Train,6105.9501953125,6135.85009765625,113.92394910518315
2010-10-12,1,0,Train,6135.9501953125,6090.89990234375,101.7216119467647
2010-10-13,-1,0,Train,6091.4501953125,6233.89990234375,102.2708183559254
2010-10-14,-1,0,Train,6234.2998046875,6177.35009765625,90.9533461148497
2010-10-15,0,0,Train,6175.89990234375,6062.64990234375,79.7818266456847
2010-10-18,0,0,Train,6112.75,6075.9501953125,76.2776436045158
2010-10-19,1,1,Train,6114.4501953125,6027.2998046875,75.42580312029904
2010-10-20,1,1,Train,6002.9501953125,5982.10009765625,76.0389209997853
2010-10-21,-1,1,Train,6008.89990234375,6101.5,70.05797189516403
2010-10-22,0,1,Train,6113.39990234375,6066.0498046875,68.18287985475911
2010-10-25,-1,1,Train,6101.25,6105.7998046875,66.76185785013
2010-10-26,0,1,Train,6116.2998046875,6082.0,64.91481022585006
2010-10-27,1,1,Train,6075.4501953125,6012.64990234375,63.16662992210496
2010-10-28,1,1,Train,6039.9501953125,5987.7001953125,66.33498982417935
2010-10-29,1,1,Train,6021.14990234375,6017.7001953125,67.94459165343416
2010-11-01,1,1,Train,6092.2998046875,6117.5498046875,66.44126332402122
2010-11-02,1,1,Train,6127.5498046875,6119.0,65.55598766715761
2010-11-03,1,1,Train,6150.60009765625,6160.5,63.78585108344703
2010-11-04,-1,0,Train,6209.60009765625,6281.7998046875,76.84187808188064
2010-11-08,-1,0,Train,6335.25,6273.2001953125,86.36644952654378
2010-11-09,-1,0,Train,6281.0,6301.5498046875,96.7475457907996
2010-11-10,-1,0,Train,6303.2001953125,6275.7001953125,103.05852319620146
2010-11-11,-1,0,Train,6286.35009765625,6194.25,101.1791074377122
2010-11-12,-1,0,Train,6182.2998046875,6071.64990234375,100.8471498187578
2010-11-15,-1,1,Train,6079.89990234375,6121.60009765625,100.06950799355728
2010-11-16,0,1,Train,6143.4501953125,5988.7001953125,103.86466891059608
2010-11-18,-1,1,Train,6075.9501953125,5998.7998046875,105.30824993583536
2010-11-19,1,1,Train,6011.2998046875,5890.2998046875,113.03099543621934
2010-11-22,-1,0,Train,5920.89990234375,6010.0,115.15674573768362
2010-11-23,-1,0,Train,5971.5498046875,5934.75,121.01714702044832
2010-11-24,0,0,Train,5946.7998046875,5865.75,131.56959274229072
2010-11-25,1,0,Train,5883.9501953125,5799.75,146.25523154326828
2010-11-26,1,0,Train,5828.5498046875,5751.9501953125,162.4624150547796
2010-11-29,1,0,Train,5789.9501953125,5830.0,169.7242123357878
2010-11-30,0,0,Train,5811.60009765625,5862.7001953125,174.7518987563727
2010-12-01,0,0,Train,5871.0,5960.89990234375,174.72046952109085
2010-12-02,0,0,Train,6023.0498046875,6011.7001953125,173.63787288574144
2010-12-03,0,0,Train,6013.35009765625,5992.7998046875,170.99664847318434
2010-12-06,0,0,Train,6033.64990234375,5992.25,159.62341233056767
2010-12-07,0,0,Train,5995.0498046875,5976.5498046875,146.79569887363695
2010-12-08,0,0,Train,5954.39990234375,5903.7001953125,128.38263470474382
2010-12-09,1,0,Train,5924.25,5766.5,114.67951388649632
2010-12-10,0,0,Train,5761.0,5857.35009765625,100.15437292929111
2010-12-13,0,0,Train,5882.64990234375,5907.64990234375,94.44446576377884
2010-12-14,0,0,Train,5928.7001953125,5944.10009765625,82.16125558076077
2010-12-15,1,0,Train,5931.14990234375,5892.2998046875,80.24936876199843
2010-12-16,0,0,Train,5910.5498046875,5948.75,78.00098501072297
2010-12-20,0,0,Train,5926.85009765625,5947.0498046875,78.46937067458691
2010-12-21,0,0,Train,5960.39990234375,6000.64990234375,77.85403386806496
2010-12-22,0,0,Train,6019.0,5984.39990234375,79.54663933105618
2010-12-23,1,0,Train,6005.89990234375,5980.0,80.31239510904722
2010-12-29,1,0,Train,6005.14990234375,6060.35009765625,65.68865369739092
2010-12-30,0,0,Train,6062.35009765625,6101.85009765625,73.29137118512509
2011-01-03,-1,0,Train,6177.4501953125,6157.60009765625,92.2109495739758
2011-01-05,-1,0,Train,6141.35009765625,6079.7998046875,101.75059623614204
2011-01-06,-1,1,Train,6107.0,6048.25,100.35261586672608
2011-08-25,0,0,Train,4914.64990234375,4839.60009765625,228.5114601460281
2011-08-26,1,0,Train,4839.25,4747.7998046875,230.1034687844868
2011-08-29,0,0,Train,4806.2001953125,4919.60009765625,216.00918581491035
2011-08-30,0,0,Train,4973.25,5001.0,190.46073427966556
2011-09-13,1,0,Train,4977.7998046875,4940.9501953125,103.20119878043931
2012-04-18,-1,-1,Train,5320.7001953125,5300.0,54.42641890225549
2012-04-24,0,0,Train,5215.89990234375,5222.64990234375,53.71042390180182
2012-04-25,0,1,Train,5222.2001953125,5202.0,52.57322300230628
2012-04-26,1,1,Train,5214.75,5189.0,54.74182711337384
2012-04-27,1,1,Train,5189.0,5190.60009765625,54.99170942831729
2012-04-30,-1,-1,Train,5201.4501953125,5248.14990234375,52.021348172915474
2012-05-02,-1,-1,Train,5254.2998046875,5239.14990234375,51.45031921265301
2012-05-03,-1,-1,Train,5211.2001953125,5188.39990234375,51.39731879695703
2012-05-04,-1,1,Train,5166.64990234375,5086.85009765625,56.70009513719903
2012-05-08,0,0,Train,5114.7001953125,4999.9501953125,77.53186008239337
2012-05-09,0,0,Train,4967.89990234375,4974.7998046875,93.70077247909812
2012-05-10,0,0,Train,4984.14990234375,4965.7001953125,107.05501337739643
2012-05-11,0,0,Train,4938.85009765625,4928.89990234375,119.30358268277894
2012-05-14,0,0,Train,4934.35009765625,4907.7998046875,132.42983474369004
2012-05-15,0,0,Train,4869.85009765625,4942.7998046875,139.37799780415057
2012-05-16,0,0,Train,4875.2998046875,4858.25,148.21520316395294
2012-05-17,0,0,Train,4878.60009765625,4870.2001953125,151.73037906480857
2012-05-18,0,0,Train,4796.39990234375,4891.4501953125,147.8117343400696
2012-05-22,0,0,Train,4954.7001953125,4860.5,146.144119792316
2012-05-23,1,0,Train,4843.0,4835.64990234375,149.63095874454586
2012-05-24,0,0,Train,4863.39990234375,4921.39990234375,144.92549458231332
2012-05-25,0,0,Train,4905.9501953125,4920.39990234375,139.98833282683267
2012-05-28,0,0,Train,4931.7001953125,4985.64990234375,133.2749852714889
2012-05-29,0,0,Train,5005.35009765625,4990.10009765625,125.20579655595245
2012-05-30,0,0,Train,4964.25,4950.75,109.12470288544144
2012-05-31,1,0,Train,4896.10009765625,4924.25,89.43787724591375
2012-10-04,0,0,Train,5751.5498046875,5787.60009765625,170.69072791917586
2012-10-05,0,0,Train,5815.0,5746.9501953125,157.3899018432401
2012-10-08,0,0,Train,5751.85009765625,5676.0,136.61016068925977
2012-10-09,0,0,Train,5708.14990234375,5704.60009765625,123.94532991098336
2012-10-10,0,0,Train,5671.14990234375,5652.14990234375,108.47613277470988
2012-10-11,0,0,Train,5663.5,5708.0498046875,93.15853186165488
2012-10-12,0,0,Train,5681.7001953125,5676.0498046875,77.7933285499156
2012-10-15,0,0,Train,5674.25,5687.25,56.81904552674882
2012-10-16,1,1,Train,5705.60009765625,5648.0,52.55271897939397
2012-10-17,1,1,Train,5681.10009765625,5660.25,50.30407119118713
2012-10-18,0,0,Train,5675.2998046875,5718.7001953125,47.27064557857286
2012-10-19,-1,1,Train,5703.2998046875,5684.25,35.72214945642018
2012-10-22,-1,1,Train,5667.60009765625,5717.14990234375,36.139556039300665
2012-10-23,-1,1,Train,5715.64990234375,5691.39990234375,35.6960139055298
2012-10-25,-1,1,Train,5688.7998046875,5705.2998046875,35.41176888903367
2012-10-29,1,1,Train,5665.2001953125,5665.60009765625,35.309278277513656
2012-10-30,1,1,Train,5656.35009765625,5597.89990234375,40.44430821224009
2012-10-31,1,1,Train,5596.75,5619.7001953125,43.63015700615741
2012-11-01,1,1,Train,5609.85009765625,5645.0498046875,44.167661234869406
2012-11-02,1,1,Train,5696.35009765625,5697.7001953125,42.98632048957887
2012-11-29,1,0,Train,5736.7001953125,5825.0,69.18872262914053
2012-11-30,0,0,Train,5836.0,5879.85009765625,82.61324608182609
2012-12-03,0,0,Train,5878.25,5870.9501953125,91.97266405887812
2012-12-04,0,0,Train,5866.7998046875,5889.25,101.4384671453834
2012-12-05,0,0,Train,5906.60009765625,5900.5,110.69628279089405
2012-12-06,0,0,Train,5926.2998046875,5930.89990234375,120.96718782132504
2012-12-07,0,0,Train,5934.0,5907.39990234375,127.7681537422823
2012-12-10,0,0,Train,5916.0498046875,5908.89990234375,133.64732491478108
2012-12-11,0,0,Train,5923.7998046875,5898.7998046875,138.27401383284558
2012-12-12,0,0,Train,5917.7998046875,5888.0,140.85935489243562
2012-12-13,0,0,Train,5900.35009765625,5851.5,141.18610952268563
2012-12-14,0,0,Train,5846.89990234375,5879.60009765625,139.55561022534778
2012-12-17,0,0,Train,5860.5,5857.89990234375,131.8347102239135
2012-12-18,0,0,Train,5873.60009765625,5896.7998046875,122.79011250568374
2012-12-19,0,0,Train,5917.2998046875,5929.60009765625,111.89423207093344
2012-12-20,0,0,Train,5934.4501953125,5916.39990234375,101.58653809241147
2012-12-21,0,0,Train,5888.0,5847.7001953125,88.13510692629048
2012-12-24,1,1,Train,5869.0,5855.75,70.1528677827325
2012-12-26,1,1,Train,5864.9501953125,5905.60009765625,45.35333382432266
2012-12-27,1,1,Train,5930.2001953125,5870.10009765625,28.422846960894745
2012-12-28,1,1,Train,5887.14990234375,5908.35009765625,24.983840963962614
2012-12-31,1,1,Train,5901.2001953125,5905.10009765625,25.098014900530416
2013-01-02,0,0,Train,5982.60009765625,5993.25,33.46994582398499
2013-01-03,0,0,Train,6015.7998046875,6009.5,41.764287656136815
2013-01-04,0,0,Train,6011.9501953125,6016.14990234375,48.80125270467636
2013-01-10,1,0,Train,5998.7998046875,5968.64990234375,57.61137074271124
2013-01-11,1,1,Train,6012.39990234375,5951.2998046875,57.3209124581635
2013-01-14,0,0,Train,5967.2001953125,6024.0498046875,58.45340348459978
2013-01-15,0,0,Train,6037.85009765625,6056.60009765625,62.876743880206114
2013-01-16,1,0,Train,6049.0,6001.85009765625,60.73850381135568
2013-01-17,0,0,Train,6001.25,6039.2001953125,62.38478451984669
2013-01-18,0,0,Train,6059.85009765625,6064.39990234375,66.30911832321047
2013-01-21,0,0,Train,6085.75,6082.2998046875,70.2012298164389
2013-01-22,0,0,Train,6080.14990234375,6048.5,65.53066845726583
2013-01-23,0,0,Train,6052.85009765625,6054.2998046875,60.02912729667809
2013-01-24,0,0,Train,6046.2001953125,6019.35009765625,56.59921896870998
2013-01-25,-1,-1,Train,6024.5,6074.64990234375,50.258874879371376
2013-01-28,-1,-1,Train,6082.10009765625,6074.7998046875,46.35223196852081
2013-01-29,-1,-1,Train,6064.7001953125,6049.89990234375,38.562438109097045
2013-01-30,-1,-1,Train,6065.0,6055.75,38.42742751199632
2013-01-31,-1,-1,Train,6045.64990234375,6034.75,38.21419332824636
2013-02-01,-1,0,Train,6040.9501953125,5998.89990234375,38.708696555079
2013-02-04,-1,0,Train,6025.2001953125,5987.25,38.771480893855575
2013-02-05,0,0,Train,5948.2001953125,5956.89990234375,41.56362923098239
2013-02-06,0,0,Train,5988.0498046875,5959.2001953125,42.48919097656843
2013-02-07,0,0,Train,5936.4501953125,5938.7998046875,45.02609933104264
2013-02-08,0,0,Train,5929.10009765625,5903.5,50.055586894223225
2013-02-11,0,0,Train,5920.0498046875,5897.85009765625,57.13714417209388
2013-02-12,0,0,Train,5894.35009765625,5922.5,59.79710547653544
2013-02-13,0,0,Train,5943.14990234375,5932.9501953125,62.12360731011139
2014-01-17,1,-1,Train,6306.25,6261.64990234375,56.44777435029607
2014-01-20,-1,-1,Train,6261.75,6303.9501953125,54.753643855616325
2014-01-21,-1,-1,Train,6320.14990234375,6313.7998046875,56.30069788934063
2014-01-22,-1,-1,Train,6309.0498046875,6338.9501953125,59.11247873432861
2014-01-23,-1,-1,Train,6325.9501953125,6345.64990234375,62.36739932930885
2014-01-24,-1,-1,Train,6301.64990234375,6266.75,62.23603276921902
2014-05-16,0,0,Train,7270.2001953125,7203.0,175.97695610110705
2014-05-19,0,0,Train,7276.85009765625,7263.5498046875,195.73122270141565
2014-05-20,0,0,Train,7309.9501953125,7275.5,214.7504623577736
2014-05-21,0,0,Train,7274.85009765625,7252.89990234375,228.6021981171395
2014-05-22,0,0,Train,7289.9501953125,7276.39990234375,241.22844450796643
2014-05-23,0,0,Train,7306.5,7367.10009765625,258.48170711927344
2014-05-26,0,0,Train,7428.75,7359.0498046875,269.40006537469253
2014-05-27,0,0,Train,7363.10009765625,7318.0,273.2243364998652
2014-05-28,0,0,Train,7324.9501953125,7329.64990234375,271.9139908730106
2014-05-29,0,0,Train,7316.60009765625,7235.64990234375,261.66827488007635
2014-05-30,1,0,Train,7254.85009765625,7229.9501953125,247.6413594457268
2014-06-02,1,0,Train,7264.0498046875,7362.5,234.87745675263224
2014-06-03,1,0,Train,7375.35009765625,7415.85009765625,220.6860989297245
2014-06-04,1,0,Train,7417.5498046875,7402.25,189.49907428707576
2014-06-05,1,0,Train,7399.75,7474.10009765625,148.51545065389877
2014-06-06,0,0,Train,7521.5,7583.39990234375,136.1996238557383
2014-06-09,0,0,Train,7621.64990234375,7654.60009765625,144.18784723591338
2014-06-10,0,0,Train,7679.0498046875,7656.39990234375,154.17288072787878
2014-06-11,0,0,Train,7672.39990234375,7626.85009765625,155.977014712596
2014-06-12,0,0,Train,7641.2998046875,7649.89990234375,156.48518200821334
2014-06-13,0,0,Train,7668.2001953125,7542.10009765625,152.70345072142126
2014-06-16,0,0,Train,7534.7998046875,7533.5498046875,150.64362543918517
2014-06-17,0,0,Train,7525.0498046875,7631.7001953125,152.79492674685133
2014-06-18,0,0,Train,7636.0498046875,7558.2001953125,147.7503089911508
2014-06-19,0,0,Train,7580.0498046875,7540.7001953125,142.14399933286734
2014-06-20,0,0,Train,7543.2998046875,7511.4501953125,140.1031923052543
2014-06-23,0,0,Train,7514.0,7493.35009765625,137.14835580140576
2014-06-24,0,0,Train,7515.2001953125,7580.2001953125,132.54699891846977
2014-06-25,1,1,Train,7588.5498046875,7569.25,126.99264298071718
2014-06-26,1,1,Train,7554.10009765625,7493.2001953125,109.24986854931603
2014-06-27,1,1,Train,7514.2001953125,7508.7998046875,84.55157182279511
2014-06-30,1,1,Train,7534.0498046875,7611.35009765625,74.90645013636647
2014-07-01,1,1,Train,7629.0,7634.7001953125,69.80331755189442
2014-07-02,-1,0,Train,7683.0498046875,7725.14990234375,68.03399890590498
2014-07-03,1,0,Train,7734.35009765625,7714.7998046875,69.77780539566713
2014-07-04,-1,0,Train,7718.10009765625,7751.60009765625,78.41718300291735
2014-07-07,-1,0,Train,7780.39990234375,7787.14990234375,88.30637866129366
2014-07-08,-1,0,Train,7804.0498046875,7623.2001953125,87.61886067525595
2014-07-09,0,0,Train,7637.9501953125,7585.0,87.55319244911296
2014-07-10,0,1,Train,7589.5,7567.75,87.12690659629521
2014-07-11,1,1,Train,7584.10009765625,7459.60009765625,91.75100465890176
2014-07-14,1,1,Train,7469.0,7454.14990234375,96.119679795777
2014-07-15,1,1,Train,7491.2998046875,7526.64990234375,96.59385517469096
2014-07-16,1,1,Train,7564.14990234375,7624.39990234375,96.76800945692472
2014-07-17,1,1,Train,7612.7001953125,7640.4501953125,96.7657802177508
2014-07-18,1,1,Train,7630.25,7663.89990234375,95.99603574436284
2014-07-21,1,1,Train,7701.64990234375,7684.2001953125,94.22934481969804
2014-07-22,0,0,Train,7708.2001953125,7767.85009765625,100.22842415076164
2014-07-23,0,0,Train,7794.89990234375,7795.75,106.81305220349388
2014-07-24,-1,0,Train,7796.25,7830.60009765625,110.48762927271493
2014-07-25,-1,0,Train,7828.2001953125,7790.4501953125,109.77846195625156
2014-07-28,0,0,Train,7792.89990234375,7748.7001953125,110.73938309504167
2014-07-30,-1,0,Train,7746.2001953125,7791.39990234375,113.70331016850416
2014-07-31,0,0,Train,7784.64990234375,7721.2998046875,113.62008241375436
2014-08-01,1,1,Train,7662.5,7602.60009765625,114.39393700714662
2014-08-04,0,0,Train,7639.5498046875,7683.64990234375,112.86784250698364
2014-08-05,-1,1,Train,7706.64990234375,7746.5498046875,110.9502327113713
2014-08-06,0,1,Train,7726.14990234375,7672.0498046875,110.50898419133824
2014-08-07,1,1,Train,7651.14990234375,7649.25,108.89587265099864
2014-08-08,1,1,Train,7588.7001953125,7568.5498046875,108.85607557147584
2014-08-11,1,1,Train,7619.85009765625,7625.9501953125,97.62040029154907
2014-08-12,1,1,Train,7688.7998046875,7727.0498046875,82.35461663317706
2014-08-13,1,1,Train,7717.2998046875,7739.5498046875,72.93252570602945
2014-08-14,1,1,Train,7756.14990234375,7791.7001953125,72.95154527140998
2014-08-18,0,0,Train,7785.25,7874.25,79.32416228997758
2014-08-19,0,0,Train,7901.0,7897.5,86.88337807416488
2014-08-20,0,0,Train,7915.7998046875,7875.2998046875,91.3446600702814
2014-08-21,0,0,Train,7875.35009765625,7891.10009765625,96.95269628157588
2014-08-22,1,0,Train,7904.5498046875,7913.2001953125,103.1542352807946
2014-08-25,1,1,Train,7931.75,7906.2998046875,107.30104407489856
2014-08-26,1,1,Train,7874.5,7904.75,111.90725671101632
2014-08-27,1,0,Train,7933.89990234375,7936.0498046875,118.01062788159592
2014-08-28,1,0,Train,7942.25,7954.35009765625,124.5791682309416
2014-09-01,1,0,Train,7990.35009765625,8027.7001953125,134.87093530334272
2014-09-02,0,0,Train,8038.60009765625,8083.0498046875,140.64278824543783
2014-09-03,0,0,Train,8110.85009765625,8114.60009765625,150.75520231768326
2014-09-04,0,0,Train,8114.2001953125,8095.9501953125,158.78435713497888
2014-09-05,0,0,Train,8099.89990234375,8086.85009765625,159.69879062606725
2014-09-08,0,0,Train,8132.9501953125,8173.89990234375,162.32420297089288
2014-09-09,0,0,Train,8161.89990234375,8152.9501953125,149.8623757103303
2014-09-10,0,0,Train,8135.5498046875,8094.10009765625,134.20050011657688
2014-09-11,0,0,Train,8115.14990234375,8085.7001953125,124.78342697286212
2014-09-12,-1,0,Train,8087.0498046875,8105.5,114.04689903870008
2014-09-15,1,1,Train,8070.35009765625,8042.0,103.42832146497264
2014-09-16,1,1,Train,8036.60009765625,7932.89990234375,100.13326466513794
2014-09-17,1,1,Train,7971.5,7975.5,96.83444617351036
2014-09-18,-1,1,Train,7950.64990234375,8114.75,93.04476031632444
2014-09-19,-1,1,Train,8129.39990234375,8121.4501953125,89.18012828585547
2014-09-22,-1,1,Train,8084.4501953125,8146.2998046875,86.78805068268777
2014-09-23,0,1,Train,8144.39990234375,8017.5498046875,80.22586681133808
2014-09-24,0,1,Train,8015.5498046875,8002.39990234375,73.03892990012275
2014-09-25,0,1,Train,8003.2998046875,7911.85009765625,75.41752956244432
2014-09-26,-1,1,Train,7885.85009765625,7968.85009765625,74.3912500242231
2014-09-29,0,1,Train,7978.4501953125,7958.89990234375,77.61540659583204
2014-09-30,-1,1,Train,7948.7998046875,7964.7998046875,80.16913888459493
2014-10-01,0,0,Train,7960.5,7945.5498046875,82.25498138046422
2014-10-07,1,1,Train,7897.39990234375,7852.39990234375,91.7748952069678
2016-03-03,0,0,Train,7429.5498046875,7475.60009765625,165.5115571508338
2016-06-24,1,1,Train,8029.10009765625,8088.60009765625,52.55820244250484
2016-06-27,1,1,Train,8039.35009765625,8094.7001953125,56.81940936017738
2016-07-01,1,1,Train,8313.0498046875,8328.349609375,69.12726482259795
2016-07-04,1,1,Train,8376.75,8370.7001953125,79.44989028292689
2016-07-05,1,1,Train,8379.2998046875,8335.9501953125,83.71958542376254
2016-07-07,1,1,Train,8342.0,8337.900390625,87.55169907767817
2016-07-08,1,1,Train,8350.0,8323.2001953125,91.03832380815102
2016-07-11,0,0,Train,8413.349609375,8467.900390625,106.08441047624682
2016-07-12,0,0,Train,8502.599609375,8521.0498046875,120.16614976551884
2016-07-13,0,0,Train,8540.4501953125,8519.5,129.10775408991918
2016-07-14,0,0,Train,8515.75,8565.0,143.49539188955313
2016-07-15,0,0,Train,8565.4501953125,8541.400390625,149.2946673101849
2016-07-18,0,0,Train,8564.0498046875,8508.7001953125,151.68105905366968
2016-07-19,0,0,Train,8514.2998046875,8528.5498046875,156.48798680919225
2016-07-20,0,0,Train,8515.4501953125,8565.849609375,161.2972664755009
2016-07-21,0,0,Train,8582.7001953125,8510.099609375,160.2626522836476
2016-07-22,0,0,Train,8519.650390625,8541.2001953125,162.39854530381123
2016-07-25,0,0,Train,8519.9501953125,8635.650390625,155.15159076239215
2016-07-26,0,0,Train,8633.75,8590.650390625,140.03236552142593
2016-07-27,0,0,Train,8599.400390625,8615.7998046875,124.30574647870549
2016-07-28,0,0,Train,8636.9501953125,8666.2998046875,115.92600617591596
2016-07-29,0,0,Train,8668.2998046875,8638.5,110.42601759409604
2016-08-01,0,0,Train,8654.2998046875,8636.5498046875,105.79454993450068
2016-08-02,0,0,Train,8647.4501953125,8622.900390625,101.89243088260729
2016-08-03,1,1,Train,8635.2001953125,8544.849609375,90.64820231854397
2016-08-04,1,1,Train,8599.9501953125,8551.099609375,76.56865948042743
2016-08-05,-1,1,Train,8600.2001953125,8683.150390625,59.733871436654
2016-08-08,-1,0,Train,8712.849609375,8711.349609375,62.00802422115337
2016-08-09,-1,0,Train,8727.7998046875,8678.25,63.43431641622116
2016-08-10,1,1,Train,8686.7001953125,8575.2998046875,61.23107766893078
2016-08-11,1,1,Train,8572.7998046875,8592.150390625,60.8175202296552
2016-08-16,0,1,Train,8670.25,8642.5498046875,60.16020274537516
2016-08-17,0,1,Train,8639.7998046875,8624.0498046875,56.142753596249655
2016-08-18,0,1,Train,8648.849609375,8673.25,54.70579183387932
2016-08-19,-1,1,Train,8694.2998046875,8666.900390625,54.59619158659391
2016-08-22,0,1,Train,8667.0,8629.150390625,48.08138521240682
2016-08-23,1,1,Train,8628.349609375,8632.599609375,43.74752830333858
2016-08-24,1,1,Train,8648.5,8650.2998046875,43.95954417321789
2016-08-25,1,1,Train,8668.849609375,8592.2001953125,43.88545327742133
2016-08-26,1,1,Train,8614.349609375,8572.5498046875,45.7198074479962
2016-08-29,1,1,Train,8583.75,8607.4501953125,45.09575245069741
2016-08-30,1,1,Train,8646.75,8744.349609375,52.25197290444941
2016-08-31,1,1,Train,8754.0498046875,8786.2001953125,62.68038709940713
2016-09-01,1,1,Train,8793.599609375,8774.650390625,69.44483477784446
2016-09-02,1,1,Train,8796.349609375,8809.650390625,74.1073808344317
2016-09-06,-1,0,Train,8852.7001953125,8943.0,93.19144398395812
2016-09-07,-1,0,Train,8968.7001953125,8917.9501953125,107.38988728264096
2016-09-08,-1,0,Train,8915.5,8952.5,122.27810854210172
2016-09-09,0,0,Train,8934.2998046875,8866.7001953125,127.40363848450828
2016-09-12,0,0,Train,8732.9501953125,8715.599609375,123.2360053405136
2016-09-14,0,0,Train,8710.650390625,8726.599609375,119.5239168910964
2016-09-15,1,0,Train,8743.849609375,8742.5498046875,117.91194896263616
2016-09-16,0,0,Train,8780.849609375,8779.849609375,115.56903352178828
2016-09-19,0,0,Train,8788.4501953125,8808.400390625,115.4610526341632
2016-09-20,0,0,Train,8816.099609375,8775.900390625,114.0974502069515
2016-09-21,0,0,Train,8790.2998046875,8777.150390625,110.49339693883512
2016-09-22,-1,1,Train,8873.349609375,8867.4501953125,108.84176808166526
2016-09-23,-1,1,Train,8880.75,8831.5498046875,105.8057679200154
2016-09-26,0,1,Train,8807.900390625,8723.0498046875,97.31182184322694
2016-09-27,0,1,Train,8748.900390625,8706.400390625,85.76590973475695
2016-09-28,-1,1,Train,8711.2001953125,8745.150390625,74.94376997776496
2016-09-29,1,1,Train,8792.7001953125,8591.25,87.64177661470066
2016-09-30,1,1,Train,8581.5,8611.150390625,96.54792222034824
2016-10-03,0,1,Train,8666.150390625,8738.099609375,97.06531189276691
2016-10-04,-1,1,Train,8770.0,8769.150390625,96.86933108423383
2016-10-05,-1,0,Train,8806.349609375,8743.9501953125,89.097596326588
2016-10-06,-1,1,Train,8768.7001953125,8709.5498046875,82.7878218698924
2016-10-07,-1,1,Train,8721.7001953125,8697.599609375,70.0949348841559
2016-10-10,-1,1,Train,8735.349609375,8708.7998046875,64.49541284219745
2016-10-13,1,1,Train,8671.5,8573.349609375,74.25439932462568
2016-10-14,1,1,Train,8594.0,8583.400390625,81.3055016114564
2016-10-17,1,1,Train,8612.9501953125,8520.400390625,92.9984783557936
2016-10-18,0,0,Train,8556.0498046875,8677.900390625,91.93400965750963
2016-10-19,0,0,Train,8697.5,8659.099609375,89.37698501851426
2016-10-20,0,0,Train,8693.349609375,8699.400390625,87.60038775343632
2016-10-21,0,0,Train,8708.599609375,8693.0498046875,85.52897186419428
2016-10-24,0,0,Train,8709.849609375,8708.9501953125,75.18114058698195
2016-10-25,-1,0,Train,8721.7001953125,8691.2998046875,66.8259751757771
2016-10-27,-1,1,Train,8607.099609375,8615.25,67.95101616445186
2016-10-28,-1,-1,Train,8625.0,8638.0,65.70189938946505
2016-11-01,-1,-1,Train,8653.150390625,8626.25,64.15940293604936
2016-11-02,0,0,Train,8542.7998046875,8514.0,71.61527030529504
2016-11-03,0,1,Train,8499.849609375,8484.9501953125,78.92306813148362
2016-11-04,1,1,Train,8503.599609375,8433.75,86.73296577704531
2016-11-07,-1,1,Train,8535.75,8497.0498046875,87.18687116587714
2016-11-08,-1,0,Train,8540.0,8543.5498046875,85.8402129944671
2016-11-09,1,0,Train,8067.5,8432.0,91.76307465340837
2016-11-11,-1,0,Train,8456.650390625,8296.2998046875,110.19714214256432
2016-11-15,0,0,Train,8284.849609375,8108.4501953125,151.2988174099319
2016-11-16,0,0,Train,8205.650390625,8111.60009765625,180.2201507175388
2016-11-17,0,0,Train,8105.10009765625,8079.9501953125,202.3827285064341
2016-11-18,0,0,Train,8097.5498046875,8074.10009765625,219.52779135844077
2016-11-21,0,0,Train,8102.10009765625,7929.10009765625,243.34095716325425
2016-11-22,0,0,Train,7989.14990234375,8002.2998046875,253.0073733244567
2016-11-23,0,0,Train,8051.2001953125,8033.2998046875,254.1819400956605
2016-11-24,1,0,Train,8011.7998046875,7965.5,256.58493926057446
2016-11-25,0,0,Train,8007.9501953125,8114.2998046875,251.2919510482185
2016-11-28,0,0,Train,8080.64990234375,8126.89990234375,242.75880120385827
2016-11-29,0,0,Train,8131.5498046875,8142.14990234375,228.85656765870075
2016-11-30,0,0,Train,8172.14990234375,8224.5,211.23751612545848
2016-12-01,0,0,Train,8244.0,8192.900390625,200.609326670324
2016-12-02,0,0,Train,8153.5498046875,8086.7998046875,192.080921170579
2016-12-05,0,0,Train,8088.75,8128.75,184.1567389315918
2016-12-12,0,0,Train,8230.650390625,8170.7998046875,86.45252659055635
2016-12-13,-1,0,Train,8196.150390625,8221.7998046875,89.83868703676575
2017-01-23,1,0,Train,8329.599609375,8391.5,130.31338945191536
2017-01-25,1,0,Train,8499.4501953125,8602.75,125.14797656335875
2017-01-27,0,0,Train,8610.5,8641.25,131.92077456543768
2017-01-30,1,0,Train,8635.5498046875,8632.75,139.37743687047532
2017-04-10,0,0,Train,9225.599609375,9181.4501953125,80.24405215666073
2017-04-11,-1,0,Train,9184.5498046875,9237.0,68.34242864319123
2017-04-12,0,0,Train,9242.5,9203.4501953125,67.75079237969298
2017-04-13,0,1,Train,9202.5,9150.7998046875,65.74429904855216
2017-04-17,1,1,Train,9144.75,9139.2998046875,65.87265551748597
2017-04-18,1,1,Train,9163.0,9105.150390625,66.88741520018198
2017-04-19,1,1,Train,9112.2001953125,9103.5,67.59619388582813
2017-04-20,1,1,Train,9108.099609375,9136.400390625,67.30791694908895
2017-04-21,1,1,Train,9179.099609375,9119.400390625,61.38438913365848
2017-04-24,1,1,Train,9135.349609375,9217.9501953125,60.2759281501646
2017-04-25,0,0,Train,9273.0498046875,9306.599609375,66.41231327956194
2017-04-26,0,0,Train,9336.2001953125,9351.849609375,70.14265877236652
2017-04-27,0,0,Train,9359.150390625,9342.150390625,74.53805388985798
2017-04-28,0,0,Train,9340.9501953125,9304.0498046875,76.4861024816623
2017-05-02,0,0,Train,9339.849609375,9313.7998046875,79.30445444361835
2017-05-03,1,0,Train,9344.7001953125,9311.9501953125,81.2885084446648
2017-05-04,0,0,Train,9360.9501953125,9359.900390625,86.74907398743879
2017-05-05,1,1,Train,9374.5498046875,9285.2998046875,87.28793832162839
2017-05-08,1,1,Train,9311.4501953125,9314.0498046875,89.00465072674393
2017-05-09,1,1,Train,9337.349609375,9316.849609375,90.42988386970862
2017-05-10,1,0,Train,9339.650390625,9407.2998046875,96.61756445600176
2017-05-11,0,0,Train,9448.599609375,9422.400390625,103.79696904288858
2017-05-12,1,0,Train,9436.650390625,9400.900390625,107.40190281901256
2017-05-15,0,0,Train,9433.5498046875,9445.400390625,110.28730595385362
2017-05-16,0,0,Train,9461.0,9512.25,115.71408676156577
2017-05-17,0,0,Train,9517.599609375,9525.75,115.92006201918534
2017-05-18,0,0,Train,9453.2001953125,9429.4501953125,105.6111234583538
2017-05-19,1,0,Train,9469.900390625,9427.900390625,95.4917066222016
2017-05-22,1,1,Train,9480.25,9438.25,79.17671732462442
2017-05-23,1,1,Train,9445.0498046875,9386.150390625,70.4364180179391
2017-05-24,1,1,Train,9410.900390625,9360.5498046875,68.47877435008927
2017-05-25,1,1,Train,9384.0498046875,9509.75,73.62997131236533
2017-05-26,0,0,Train,9507.75,9595.099609375,85.60204196934365
2017-05-29,0,0,Train,9560.0498046875,9604.900390625,93.31932497422645
2017-05-30,0,0,Train,9590.650390625,9624.5498046875,100.5753867196105
2017-05-31,0,0,Train,9636.5498046875,9621.25,104.53344019612166
2017-06-01,0,0,Train,9603.5498046875,9616.099609375,108.607330115451
2017-06-02,0,0,Train,9657.150390625,9653.5,108.24761946150156
2017-06-05,0,0,Train,9656.2998046875,9675.099609375,109.10979978643395
2017-06-06,0,0,Train,9704.25,9637.150390625,104.42386848666364
2017-06-07,0,0,Train,9663.9501953125,9663.900390625,106.28263496480776
2017-06-08,0,0,Train,9682.400390625,9647.25,106.47051819783042
2017-06-09,0,0,Train,9638.5498046875,9668.25,105.02464657569374
2017-06-12,0,0,Train,9646.7001953125,9616.400390625,102.81625620831063
2017-06-13,0,0,Train,9615.5498046875,9606.900390625,102.64818052098948
2017-06-14,0,0,Train,9621.5498046875,9618.150390625,102.84851437765002
2017-06-15,0,1,Train,9617.900390625,9578.0498046875,97.3806372591739
2017-06-16,0,1,Train,9595.4501953125,9588.0498046875,90.79741361502543
2017-06-19,-1,1,Train,9626.400390625,9657.5498046875,85.14957785123198
2017-06-20,-1,1,Train,9670.5,9653.5,70.04668593199128
2017-06-21,-1,1,Train,9648.099609375,9633.599609375,38.34643856251706
2017-06-22,-1,1,Train,9642.650390625,9630.0,27.463609446863455
2017-06-23,1,1,Train,9643.25,9574.9501953125,29.110705391145665
2017-06-27,1,1,Train,9594.0498046875,9511.400390625,38.94063304075057
2017-06-28,1,1,Train,9520.2001953125,9491.25,48.92865877746341
2017-06-29,1,1,Train,9522.9501953125,9504.099609375,55.0384736677254
2017-06-30,1,1,Train,9478.5,9520.900390625,58.5991101231974
2017-07-03,1,1,Train,9587.9501953125,9615.0,57.59760957626673
2017-07-04,1,1,Train,9645.900390625,9613.2998046875,55.22363485654501
2017-07-05,1,1,Train,9619.75,9637.599609375,55.23899466733007
2017-07-06,1,1,Train,9653.599609375,9674.5498046875,55.91924238102786
2017-07-07,1,1,Train,9670.349609375,9665.7998046875,56.854629159772
2017-07-10,1,1,Train,9719.2998046875,9771.0498046875,66.83778896405249
2017-07-11,1,1,Train,9797.4501953125,9786.0498046875,77.8105022983306
2017-07-12,1,0,Train,9807.2998046875,9816.099609375,89.6067600724636
2017-07-13,0,0,Train,9855.7998046875,9891.7001953125,107.30637923025294
2017-07-14,0,0,Train,9913.2998046875,9886.349609375,119.30266944692303
2017-07-17,0,0,Train,9908.150390625,9915.9501953125,131.3730349315585
2017-07-18,1,0,Train,9832.7001953125,9827.150390625,135.75554396939324
2017-07-19,0,0,Train,9855.9501953125,9899.599609375,144.0313783125745
2017-07-20,0,0,Train,9920.2001953125,9873.2998046875,148.6977071539924
2017-07-21,0,0,Train,9899.599609375,9915.25,154.6552830649766
2017-07-24,0,0,Train,9936.7998046875,9966.400390625,160.06537757158262
2017-07-25,0,0,Train,10010.5498046875,9964.5498046875,158.19286375991382
2017-07-26,0,0,Train,9983.650390625,10020.650390625,154.7953461075072
2017-07-27,0,0,Train,10063.25,10020.5498046875,147.81533531999537
2017-07-28,0,0,Train,9996.5498046875,10014.5,137.10544231567562
2017-07-31,0,0,Train,10034.7001953125,10077.099609375,136.345421148994
2017-08-01,0,0,Train,10101.0498046875,10114.650390625,134.31103949956946
2017-08-02,0,0,Train,10136.2998046875,10081.5,127.4399916262575
2017-08-03,-1,0,Train,10081.150390625,10013.650390625,116.69127241734532
2017-08-04,-1,0,Train,10008.599609375,10066.400390625,103.2702635203214
2017-08-07,-1,0,Train,10074.7998046875,10057.400390625,97.40384760189642
2017-08-08,-1,1,Train,10068.349609375,9978.5498046875,88.35510835946344
2017-08-09,-1,1,Train,9961.150390625,9908.0498046875,82.09226905259395
2017-08-10,0,1,Train,9872.849609375,9820.25,87.28323488267613
2017-08-11,1,1,Train,9712.150390625,9710.7998046875,103.56235795814938
2017-08-14,1,1,Train,9755.75,9794.150390625,109.82410859334088
2017-08-16,0,0,Train,9825.849609375,9897.2998046875,106.55652838978874
2017-08-17,0,0,Train,9945.5498046875,9904.150390625,106.42614796967725
2017-08-18,0,0,Train,9865.9501953125,9837.400390625,108.25171200170776
2017-08-21,1,0,Train,9864.25,9754.349609375,117.21640496019984
2017-08-22,1,0,Train,9815.75,9765.5498046875,124.14700779811425
2017-08-23,0,0,Train,9803.0498046875,9852.5,125.50523766080858
2017-08-24,0,0,Train,9881.2001953125,9857.0498046875,124.92295213418858
2017-08-28,0,0,Train,9907.150390625,9912.7998046875,122.95190586413024
2017-08-29,1,0,Train,9886.400390625,9796.0498046875,123.89916021476496
2017-08-30,0,0,Train,9859.5,9884.400390625,117.54925290070148
2017-08-31,0,0,Train,9905.7001953125,9917.900390625,106.37213234763068
2017-09-01,0,0,Train,9937.650390625,9974.400390625,98.6681023583594
2017-09-04,0,0,Train,9984.150390625,9912.849609375,94.23386247121964
2017-09-05,1,1,Train,9933.25,9952.2001953125,85.39763006788158
2017-09-06,1,1,Train,9899.25,9916.2001953125,74.63067243004595
2017-09-07,1,1,Train,9945.849609375,9929.900390625,71.54436975032543
2017-09-08,1,1,Train,9958.650390625,9934.7998046875,72.63498054617827
2017-09-11,1,1,Train,9971.75,10006.0498046875,78.11693544228262
2017-09-12,0,0,Train,10056.849609375,10093.0498046875,82.33700218590893
2017-09-14,0,0,Train,10107.400390625,10086.599609375,96.89488451006224
2017-09-15,0,0,Train,10062.349609375,10085.400390625,103.72948566158072
2017-09-18,-1,0,Train,10133.099609375,10153.099609375,112.92049471890869
2017-09-20,-1,0,Train,10160.9501953125,10141.150390625,109.159852432635
2017-09-21,-1,0,Train,10139.599609375,10121.900390625,109.0042201781839
2017-09-22,-1,0,Train,10094.349609375,9964.400390625,104.39245297127997
2017-09-25,0,0,Train,9960.099609375,9872.599609375,106.53496765077384
2018-01-19,1,0,Train,10829.2001953125,10894.7001953125,134.75321397246282
2018-01-24,0,0,Train,11069.349609375,11086.0,199.2769207420658
2018-01-25,0,0,Train,11095.599609375,11069.650390625,210.88564621526487
2018-02-02,-1,0,Train,10938.2001953125,10760.599609375,191.3176942711378
2018-02-05,0,0,Train,10604.2998046875,10666.5498046875,184.19733149566807
2018-02-06,0,0,Train,10295.150390625,10498.25,194.21112961141293
2018-07-26,1,0,Train,11132.9501953125,11167.2998046875,155.3394434970948
2018-08-03,0,0,Train,11297.7998046875,11360.7998046875,162.13764617103945
2018-08-06,0,0,Train,11401.5,11387.099609375,162.3564329374098
2018-08-07,0,0,Train,11423.150390625,11389.4501953125,165.9298929887122
2018-08-08,0,0,Train,11412.5,11450.0,171.0089261937889
2018-08-09,0,0,Train,11493.25,11470.7001953125,178.61784366379027
2018-08-10,0,0,Train,11474.9501953125,11429.5,180.09657107502494
2018-08-13,1,0,Train,11369.599609375,11355.75,169.1937451144007
2018-08-14,0,0,Train,11381.7001953125,11435.099609375,164.8553809921286
2018-08-16,1,1,Train,11397.150390625,11385.0498046875,152.52949624618614
2018-08-17,1,1,Train,11437.150390625,11470.75,136.905649780059
2018-08-20,1,1,Train,11502.099609375,11551.75,127.6474230930977
2018-08-21,1,0,Train,11576.2001953125,11570.900390625,123.19838730019248
2018-08-23,1,0,Train,11620.7001953125,11582.75,120.3935323126901
2018-08-24,1,0,Train,11566.599609375,11557.099609375,110.65425814766697
2018-08-27,0,0,Train,11605.849609375,11691.9501953125,113.37668905868796
2018-08-28,-1,0,Train,11731.9501953125,11738.5,126.54446152554722
2018-09-05,-1,1,Train,11514.849609375,11476.9501953125,115.73597278470396
2018-09-21,0,0,Train,11271.2998046875,11143.099609375,170.04676264046716
2018-09-24,0,0,Train,11164.400390625,10967.400390625,205.8911201970894
2018-10-05,0,0,Train,10514.099609375,10316.4501953125,327.6169731530951
2018-10-08,0,0,Train,10310.150390625,10348.0498046875,363.81315226434464
2018-10-09,0,0,Train,10390.2998046875,10301.0498046875,388.8767050535092
2018-10-10,0,0,Train,10331.849609375,10460.099609375,385.8502040137198
2018-10-11,0,0,Train,10169.7998046875,10234.650390625,403.53231730095047
2018-10-22,0,0,Train,10405.849609375,10245.25,320.3808945681029
2018-10-23,0,0,Train,10152.599609375,10146.7998046875,315.7674069107431
2018-10-24,0,0,Train,10278.150390625,10224.75,312.95939205553765
2018-10-25,0,0,Train,10135.0498046875,10124.900390625,302.511159473672
2018-10-26,1,0,Train,10122.349609375,10030.0,291.68391172366563
2018-11-02,0,0,Train,10462.2998046875,10553.0,149.45575442323013
2018-11-05,0,0,Train,10558.75,10524.0,155.8007532908259
2018-11-06,0,0,Train,10552.0,10530.0,161.69538909548146
2018-11-07,0,0,Train,10614.4501953125,10598.400390625,170.77407500170352
2018-11-09,0,0,Train,10614.7001953125,10585.2001953125,176.790569177668
2018-11-12,1,0,Train,10607.7998046875,10482.2001953125,175.70065897918852
2018-11-14,1,0,Train,10634.900390625,10576.2998046875,183.34380709813755
2018-11-16,0,0,Train,10644.0,10682.2001953125,196.1693803079113
2018-11-19,0,0,Train,10731.25,10763.400390625,210.55517577045308
2018-11-20,0,0,Train,10740.099609375,10656.2001953125,212.22869828769163
2018-11-21,1,0,Train,10670.9501953125,10600.0498046875,202.7376704557629
2018-11-22,1,1,Train,10612.650390625,10526.75,194.81289677226852
2018-11-26,1,1,Train,10568.2998046875,10628.599609375,177.99568659198584
2018-11-27,1,1,Train,10621.4501953125,10685.599609375,142.1769549359195
2018-12-20,-1,0,Train,10885.2001953125,10951.7001953125,144.92185878332225
2018-12-21,0,0,Train,10944.25,10754.0,134.0730564372396
2018-12-24,1,0,Train,10780.900390625,10663.5,132.31596413457177
2018-12-28,0,0,Train,10820.9501953125,10859.900390625,130.6760705866518
2018-12-31,0,0,Train,10913.2001953125,10862.5498046875,130.1554193041048
2019-01-02,0,0,Test,10868.849609375,10792.5,127.84856405385132
2019-01-03,1,1,Test,10796.7998046875,10672.25,127.69205498398505
2019-01-04,0,1,Test,10699.7001953125,10727.349609375,127.86375080925544
2019-01-07,0,1,Test,10804.849609375,10771.7998046875,122.1863127189935
2019-01-08,0,1,Test,10786.25,10802.150390625,121.03363468838944
2019-01-09,0,1,Test,10862.400390625,10855.150390625,101.50979343230225
2019-01-10,0,1,Test,10859.349609375,10821.599609375,83.70864772831334
2019-01-11,1,1,Test,10834.75,10794.9501953125,82.16878017270896
2019-01-14,1,1,Test,10807.0,10737.599609375,83.67873740804585
2019-01-15,0,1,Test,10777.5498046875,10886.7998046875,85.53938632170927
2019-01-16,0,1,Test,10899.650390625,10890.2998046875,85.63279361372179
2019-01-17,0,1,Test,10920.849609375,10905.2001953125,85.42700170651426
2019-01-18,-1,1,Test,10914.849609375,10906.9501953125,80.55403536908976
2019-01-21,-1,0,Test,10919.349609375,10961.849609375,81.53104599274162
2019-01-22,-1,0,Test,10949.7998046875,10922.75,84.24770125026514
2019-01-23,-1,1,Test,10931.0498046875,10831.5,76.0927439104545
2019-01-24,-1,1,Test,10844.0498046875,10849.7998046875,72.80128565086211
2019-01-25,1,1,Test,10859.75,10780.5498046875,72.77336649931301
2019-01-28,1,1,Test,10792.4501953125,10661.5498046875,81.69327642505561
2019-01-29,1,1,Test,10653.7001953125,10652.2001953125,89.34714189284747
2019-01-30,1,1,Test,10702.25,10651.7998046875,96.17841646181152
2019-01-31,1,0,Test,10690.5498046875,10830.9501953125,91.13303913392114
2019-02-01,1,0,Test,10851.349609375,10893.650390625,90.57452327040475
2019-03-27,1,0,Test,11531.4501953125,11445.0498046875,260.88062955617613
2019-06-14,0,1,Test,11910.099609375,11823.2998046875,146.06762127702086
2019-06-17,1,1,Test,11844.0,11672.150390625,111.00385529863452
2019-06-18,1,1,Test,11677.0498046875,11691.5,117.68365739427026
2019-06-20,0,1,Test,11653.650390625,11831.75,115.61827932996204
2019-07-01,-1,1,Test,11839.900390625,11865.599609375,112.20368345865204
2019-07-09,0,1,Test,11531.599609375,11555.900390625,115.43541260177204
2019-07-12,0,1,Test,11601.150390625,11552.5,136.81373837595746
2019-07-15,-1,1,Test,11614.75,11588.349609375,140.21674589996098
2019-07-16,-1,0,Test,11596.650390625,11662.599609375,140.8364812703152
2020-01-28,-1,1,Test,12148.099609375,12055.7998046875,116.33887949840076
2020-01-29,-1,1,Test,12114.900390625,12129.5,117.45636043583671
2020-01-30,-1,1,Test,12147.75,12035.7998046875,121.4029266586224
2020-01-31,1,1,Test,12100.400390625,11962.099609375,131.128594631147
2020-02-03,1,0,Test,11627.4501953125,11707.900390625,163.55525528292182
2020-02-11,0,0,Test,12108.400390625,12107.900390625,150.15846938702867
2020-02-12,0,0,Test,12151.0,12201.2001953125,142.28055742862526
2020-02-13,0,0,Test,12219.5498046875,12174.650390625,131.50891943588712
2020-02-14,-1,0,Test,12190.150390625,12113.4501953125,118.0848621911695
2020-02-24,-1,1,Test,12012.5498046875,11829.400390625,116.40074976250236
2020-02-25,-1,1,Test,11877.5,11797.900390625,128.0749758632731
2020-02-26,-1,1,Test,11738.5498046875,11678.5,150.63007434463853
2020-02-27,-1,0,Test,11661.25,11633.2998046875,170.50436790973993
2020-02-28,0,0,Test,11382.0,11201.75,244.82029583390303
2020-03-11,-1,0,Test,10334.2998046875,10458.400390625,555.503626497495
2020-03-12,-1,0,Test,10039.9501953125,9590.150390625,699.1350665395945
2020-03-13,-1,0,Test,9107.599609375,9955.2001953125,753.1315537993568
2020-03-16,-1,0,Test,9587.7998046875,9197.400390625,867.8349418548015
2020-03-17,0,0,Test,9285.400390625,8967.0498046875,973.246280620549
2020-03-18,0,0,Test,9088.4501953125,8468.7998046875,1100.4946278624475
2020-03-19,0,0,Test,8063.2998046875,8263.4501953125,1210.4763933089434
2020-03-20,0,0,Test,8284.4501953125,8745.4501953125,1234.0669689579229
2020-03-23,0,0,Test,7945.7001953125,7610.25,1335.8622569981603
2020-03-24,0,0,Test,7848.2998046875,7801.0498046875,1393.9216588094216
2020-03-25,0,0,Test,7735.14990234375,8317.849609375,1386.4650049073869
2020-03-26,0,0,Test,8451.0,8641.4501953125,1348.875632485259
2020-03-27,0,0,Test,8949.099609375,8660.25,1294.5739025768369
2020-03-30,0,0,Test,8385.9501953125,8281.099609375,1270.5229983083586
2020-05-12,-1,0,Test,9168.849609375,9196.5498046875,207.3822447957843
2020-05-13,-1,0,Test,9584.2001953125,9383.5498046875,201.20170668738345
2020-05-14,-1,0,Test,9213.9501953125,9142.75,187.577133339609
2020-05-15,-1,0,Test,9182.400390625,9136.849609375,178.90278334141178
2020-05-18,1,0,Test,9158.2998046875,8823.25,205.8388528100081
2020-05-19,1,0,Test,8961.7001953125,8879.099609375,222.38458838468728
2020-05-20,1,0,Test,8889.150390625,9066.5498046875,218.0135999594713
2020-05-21,1,0,Test,9079.4501953125,9106.25,219.8106003864833
2020-05-22,1,0,Test,9067.900390625,9039.25,223.3028611746992
2020-05-26,1,0,Test,9099.75,9029.0498046875,227.0640098408744
2020-05-27,1,0,Test,9082.2001953125,9314.9501953125,227.67500236587952
2020-05-28,1,0,Test,9364.9501953125,9490.099609375,233.01870668442035
2020-05-29,1,0,Test,9422.2001953125,9580.2998046875,235.09186069325696
2020-06-01,1,0,Test,9726.849609375,9826.150390625,230.3714746486995
2020-06-02,0,0,Test,9880.849609375,9979.099609375,285.6733672230198
2020-06-03,0,0,Test,10108.2998046875,10061.5498046875,336.92809634923753
2020-06-04,0,0,Test,10054.25,10029.099609375,374.0023399844861
2020-06-05,0,0,Test,10093.7998046875,10142.150390625,412.898723806441
2020-06-08,0,0,Test,10326.75,10167.4501953125,446.63064636867455
2020-06-09,0,0,Test,10181.150390625,10046.650390625,464.456303900091
2020-06-10,0,0,Test,10072.599609375,10116.150390625,480.97420490136295
2020-06-11,0,0,Test,10094.099609375,9902.0,487.2756830169972
2020-06-12,0,0,Test,9544.9501953125,9972.900390625,486.6598681109601
2020-06-15,1,0,Test,9919.349609375,9813.7001953125,477.2662504178922
2020-06-16,1,0,Test,10014.7998046875,9914.0,442.5748115494402
2020-06-25,1,0,Test,10235.5498046875,10288.900390625,210.24863602376965
2020-06-26,1,0,Test,10378.900390625,10383.0,190.05765303641067
2020-08-19,1,0,Test,11452.150390625,11408.400390625,120.91516630716929
2020-08-27,0,0,Test,11609.2998046875,11559.25,169.09909406946372
2020-08-28,-1,0,Test,11602.9501953125,11647.599609375,179.4606422025547
2020-08-31,0,0,Test,11777.5498046875,11387.5,149.6469149237892
2020-09-01,0,0,Test,11464.2998046875,11470.25,140.5973636200141
2020-09-02,-1,0,Test,11478.5498046875,11535.0,132.03521245270193
2020-09-03,-1,0,Test,11566.2001953125,11527.4501953125,128.77037949365013
2020-09-04,1,0,Test,11354.400390625,11333.849609375,122.45868837605258
2020-09-07,0,1,Test,11359.599609375,11355.0498046875,119.04650704322889
2020-09-08,1,1,Test,11378.5498046875,11317.349609375,119.24416934950122
2020-09-09,1,1,Test,11218.599609375,11278.0,120.74710657404974
2020-09-10,1,1,Test,11363.2998046875,11449.25,118.51973749114224
2020-09-11,1,0,Test,11447.7998046875,11464.4501953125,105.2921503802374
2020-09-14,1,0,Test,11540.150390625,11440.0498046875,96.41646189729484
2020-09-15,-1,1,Test,11487.2001953125,11521.7998046875,97.42555878921264
2020-09-16,-1,1,Test,11538.4501953125,11604.5498046875,103.40935119941506
2020-09-17,-1,1,Test,11539.400390625,11516.099609375,98.72430687042323
2020-09-18,-1,1,Test,11584.099609375,11504.9501953125,96.6821459435308
2020-09-21,-1,1,Test,11503.7998046875,11250.5498046875,108.44173746829368
2020-09-22,-1,1,Test,11301.75,11153.650390625,128.05726106280474
2020-09-23,-1,1,Test,11258.75,11131.849609375,143.0055074404353
2020-09-24,1,0,Test,11011.0,10805.5498046875,194.93204045819263
2020-09-25,1,0,Test,10910.400390625,11050.25,198.2712704827546
2020-09-28,1,0,Test,11140.849609375,11227.5498046875,200.1033576217139
2020-09-29,1,0,Test,11288.599609375,11222.400390625,199.73492154415604
2020-09-30,1,0,Test,11244.4501953125,11247.5498046875,194.82858037062752
2020-10-01,1,0,Test,11364.4501953125,11416.9501953125,190.14992336624067
2020-10-05,1,0,Test,11487.7998046875,11503.349609375,194.7748151395949
2020-10-06,1,0,Test,11603.4501953125,11662.400390625,209.0344634943257
2020-10-07,1,0,Test,11679.25,11738.849609375,227.2516871266778
2020-10-08,0,0,Test,11835.400390625,11834.599609375,249.7164467251264
2020-10-09,0,0,Test,11852.0498046875,11914.2001953125,276.0391564077268
2020-10-12,0,0,Test,11973.5498046875,11930.9501953125,299.53971663918287
2020-10-13,0,0,Test,11934.650390625,11934.5,319.7935525056992
2020-10-14,0,0,Test,11917.400390625,11971.0498046875,339.62712223874786
2020-10-15,0,0,Test,12023.4501953125,11680.349609375,341.49515354204186
2020-10-16,0,0,Test,11727.400390625,11762.4501953125,347.0777260437873
2020-10-19,0,0,Test,11879.2001953125,11873.0498046875,357.1249246036267
2020-10-20,0,0,Test,11861.0,11896.7998046875,361.0950159333185
2020-10-21,0,0,Test,11958.5498046875,11937.650390625,358.5877991643259
2020-10-22,0,0,Test,11890.0,11896.4501953125,348.10086699416524
2020-10-23,0,0,Test,11957.900390625,11930.349609375,295.582835820067
2020-10-26,0,0,Test,11937.400390625,11767.75,255.7872586794187
2020-10-27,0,0,Test,11807.099609375,11889.400390625,230.64720754420304
2020-10-28,0,0,Test,11922.599609375,11729.599609375,194.584088591988
2020-10-29,1,1,Test,11633.2998046875,11670.7998046875,152.57801063481762
2020-10-30,1,1,Test,11678.4501953125,11642.400390625,129.61662852045586
2020-11-02,1,1,Test,11697.349609375,11669.150390625,113.3663315293142
2020-11-03,1,1,Test,11734.4501953125,11813.5,107.42580812236068
2020-11-04,1,1,Test,11783.349609375,11908.5,107.02952622994636
2020-11-05,1,0,Test,12062.400390625,12120.2998046875,124.87765892755814
2020-11-06,1,0,Test,12156.650390625,12263.5498046875,155.46495991862085
2020-11-10,1,0,Test,12556.400390625,12631.099609375,263.4175263200173
2020-11-11,0,0,Test,12680.599609375,12749.150390625,321.51219986963065
2020-11-12,0,0,Test,12702.150390625,12690.7998046875,352.3912911304301
2020-11-13,0,0,Test,12659.7001953125,12719.9501953125,380.1926138884608
2020-11-17,0,0,Test,12932.5,12874.2001953125,417.8958252456899
2020-11-18,0,0,Test,12860.099609375,12938.25,452.9383849894446
2020-11-19,0,0,Test,12839.5,12771.7001953125,468.996714589013
2020-11-20,0,0,Test,12813.400390625,12859.0498046875,484.5940041298128
2020-11-23,0,0,Test,12960.2998046875,12926.4501953125,500.3986585262517
2020-11-24,0,0,Test,13002.599609375,13055.150390625,510.3779207735816
2020-11-26,0,0,Test,12906.4501953125,12987.0,496.4648773650867
2020-12-01,0,0,Test,13062.2001953125,13109.0498046875,433.8549700342017
2020-12-15,0,0,Test,13547.2001953125,13567.849609375,270.5104200306236
2020-12-16,0,0,Test,13663.099609375,13682.7001953125,285.1704354652171
2020-12-17,0,0,Test,13713.5498046875,13740.7001953125,301.9276860529209
2020-12-18,0,0,Test,13764.400390625,13760.5498046875,301.6411874826218
2020-12-21,1,0,Test,13741.900390625,13328.400390625,283.8781171693225
2020-12-22,1,0,Test,13373.650390625,13466.2998046875,270.22845728685974
2020-12-23,1,0,Test,13473.5,13601.099609375,267.181724221805
2020-12-28,1,0,Test,13815.150390625,13873.2001953125,249.854287856891
2020-12-29,1,0,Test,13910.349609375,13932.599609375,243.18137992951165
2020-12-30,0,0,Test,13980.900390625,13981.9501953125,246.25600797739312
2020-12-31,0,0,Test,13970.0,13981.75,241.593475283721
2021-01-01,1,0,Test,13996.099609375,14018.5,233.70620251693475
2021-01-04,1,0,Test,14104.349609375,14132.900390625,240.554980429186
2021-01-05,1,0,Test,14075.150390625,14199.5,253.89027853535265
2021-01-06,1,0,Test,14240.9501953125,14146.25,257.96267766592973
2021-01-11,0,0,Test,14474.0498046875,14484.75,305.5147454232857
2021-01-12,0,0,Test,14473.7998046875,14563.4501953125,330.6519333138868
2021-01-13,0,0,Test,14639.7998046875,14564.849609375,347.1586092571959
2021-01-14,0,0,Test,14550.0498046875,14595.599609375,364.9262365356165
2021-01-15,0,0,Test,14594.349609375,14433.7001953125,368.859509624826
2021-01-18,0,0,Test,14453.2998046875,14281.2998046875,364.5955059062245
2021-01-19,-1,0,Test,14371.650390625,14521.150390625,329.11463358514726
2021-01-20,-1,0,Test,14538.2998046875,14644.7001953125,304.7317089597339
2021-01-21,-1,0,Test,14730.9501953125,14590.349609375,280.0585189911575
2021-01-22,-1,0,Test,14583.400390625,14371.900390625,253.78375574756964
2021-01-25,1,0,Test,14477.7998046875,14238.900390625,234.61168927389505
2021-01-27,1,0,Test,14237.9501953125,13967.5,231.78185989699327
2021-01-28,1,0,Test,13810.400390625,13817.5498046875,246.4839186414731
2021-01-29,1,0,Test,13946.599609375,13634.599609375,280.144878382799
2021-02-01,1,0,Test,13758.599609375,14281.2001953125,273.08109220417606
2021-02-02,1,0,Test,14481.099609375,14647.849609375,280.88590651332464
2021-02-03,1,0,Test,14754.900390625,14789.9501953125,297.69526362965365
2021-02-04,0,0,Test,14789.0498046875,14895.650390625,316.84792710794136
2021-02-05,0,0,Test,14952.599609375,14924.25,332.24422898748105
2021-02-08,0,0,Test,15064.2998046875,15115.7998046875,365.0199357121906
2021-02-09,0,0,Test,15164.150390625,15109.2998046875,392.20838949684185
2021-02-10,0,0,Test,15119.0498046875,15106.5,415.0053684428297
2021-02-11,0,0,Test,15073.25,15173.2998046875,439.5314610860063
2021-02-12,0,0,Test,15186.2001953125,15163.2998046875,460.006061213115
2021-02-15,0,0,Test,15270.2998046875,15314.7001953125,486.1501700982124
2021-02-16,0,0,Test,15371.4501953125,15313.4501953125,501.7758645059212
2021-02-17,0,0,Test,15279.900390625,15208.900390625,513.6631892657757
2021-02-18,0,0,Test,15238.7001953125,15118.9501953125,521.1161070231644
2021-02-19,0,0,Test,15074.7998046875,14981.75,522.5794420653402
2021-02-22,0,0,Test,14999.0498046875,14675.7001953125,515.1043322068614
2021-02-23,0,0,Test,14782.25,14707.7998046875,499.9166616052735
2021-02-24,0,0,Test,14729.150390625,14982.0,461.25112123444734
2021-02-25,0,0,Test,15079.849609375,15097.349609375,394.7305967153232
2021-02-26,1,0,Test,14888.599609375,14529.150390625,274.8241463469634
2021-03-01,1,0,Test,14702.5,14761.5498046875,230.0054706836301
2021-03-02,1,0,Test,14865.2998046875,14919.099609375,216.96317981419529
2021-03-03,0,0,Test,15064.400390625,15245.599609375,218.2812761782654
2021-03-04,0,0,Test,15026.75,15080.75,216.775041410971
2021-03-05,1,0,Test,14977.9501953125,14938.099609375,216.4532328271601
2021-03-08,1,0,Test,15002.4501953125,14956.2001953125,215.9544667490721
2021-03-09,-1,0,Test,15049.900390625,15098.400390625,215.72869039831116
2021-03-10,-1,0,Test,15202.150390625,15174.7998046875,217.72428968060487
2021-03-12,-1,0,Test,15321.150390625,15030.9501953125,214.82684076042767
2021-03-15,-1,1,Test,15048.400390625,14929.5,212.67841912100263
2021-03-16,-1,0,Test,14996.099609375,14910.4501953125,200.37302661427336
2021-03-17,0,0,Test,14946.5498046875,14721.2998046875,192.5755983911397
2021-03-18,1,1,Test,14855.5,14557.849609375,201.9155224021541
2021-03-19,-1,0,Test,14471.150390625,14744.0,199.95260956422445
2021-03-22,-1,0,Test,14736.2998046875,14736.400390625,202.3219976074744
2021-03-23,-1,0,Test,14768.5498046875,14814.75,196.8920968793116
2021-03-24,1,0,Test,14712.4501953125,14549.400390625,207.77953131490528
2021-03-25,1,0,Test,14570.900390625,14324.900390625,241.49610260843147
2021-03-26,1,0,Test,14506.2998046875,14507.2998046875,246.45387527052577
2021-03-30,0,0,Test,14628.5,14845.099609375,236.306499902542
2021-03-31,0,0,Test,14811.849609375,14690.7001953125,238.10526522632728
2021-04-01,0,0,Test,14798.400390625,14867.349609375,237.46678984266623
2021-04-05,1,0,Test,14837.7001953125,14637.7998046875,220.6080650137349
2021-04-06,-1,0,Test,14737.0,14683.5,212.27587040998037
2021-04-07,-1,0,Test,14716.4501953125,14819.0498046875,209.43461891488536
2021-04-08,-1,0,Test,14875.650390625,14873.7998046875,206.57664122682843
2021-08-11,1,0,Test,16327.2998046875,16282.25,229.523513951002
2021-08-13,0,0,Test,16385.69921875,16529.099609375,272.5933175894491
2021-08-16,0,0,Test,16518.400390625,16563.05078125,297.47518526857266
2021-08-17,0,0,Test,16545.25,16614.599609375,314.2972149604004
2021-08-18,0,0,Test,16691.94921875,16568.849609375,311.9975123124909
2021-08-20,0,0,Test,16382.5,16450.5,310.20787498929
2021-08-23,1,0,Test,16592.25,16496.44921875,309.16489506711844
2021-08-24,1,0,Test,16561.400390625,16624.599609375,309.5295592890461
2021-08-25,1,0,Test,16654.0,16634.650390625,298.2218091129246
2021-08-26,1,0,Test,16627.94921875,16636.900390625,275.00790761371843
2021-08-27,1,0,Test,16642.55078125,16705.19921875,253.98899892026557
2021-08-30,1,0,Test,16775.849609375,16931.05078125,238.7375098033418
2021-08-31,0,0,Test,16947.5,17132.19921875,249.52532226741823
2021-09-01,1,0,Test,17185.599609375,17076.25,265.02582195628514
2021-09-02,0,0,Test,17095.400390625,17234.150390625,297.01019819015426
2021-09-03,0,0,Test,17262.44921875,17323.599609375,329.44783713993803
2021-09-06,0,0,Test,17399.349609375,17377.80078125,352.71161075504693
2021-09-07,0,0,Test,17401.55078125,17362.099609375,365.3942375502164
2021-09-08,0,0,Test,17375.75,17353.5,370.0913221068492
2021-09-09,0,0,Test,17312.849609375,17369.25,367.8453509574361
2021-09-13,0,0,Test,17363.55078125,17355.30078125,363.2324533170104
2021-09-14,0,0,Test,17420.349609375,17380.0,365.2393458368539
2021-09-15,0,0,Test,17387.650390625,17519.44921875,373.1256357602239
2021-09-16,0,0,Test,17539.19921875,17629.5,385.7057596003616
2021-09-17,0,0,Test,17709.650390625,17585.150390625,384.8071145374525
2021-09-20,1,0,Test,17443.849609375,17396.900390625,356.7515474528415
2021-09-21,0,0,Test,17450.5,17562.0,331.72549597035913
2021-09-22,0,0,Test,17580.900390625,17546.650390625,309.4892860907177
2021-09-23,0,0,Test,17670.849609375,17822.94921875,297.8555023711333
2021-09-24,0,0,Test,17897.44921875,17853.19921875,275.4443680484632
2021-09-27,0,0,Test,17932.19921875,17855.099609375,246.59882742356083
2021-09-28,0,0,Test,17906.44921875,17748.599609375,225.84819891532945
2021-09-29,0,0,Test,17657.94921875,17711.30078125,216.6303478109572
2021-09-30,1,0,Test,17718.900390625,17618.150390625,193.03090425423207
2021-10-01,1,0,Test,17531.900390625,17532.05078125,180.0378785917036
2021-10-04,1,0,Test,17615.55078125,17691.25,174.92523610489107
2021-10-05,0,0,Test,17661.349609375,17822.30078125,178.29361004018875
2021-10-06,1,0,Test,17861.5,17646.0,170.69096323437134
2021-10-07,1,0,Test,17810.55078125,17790.349609375,165.3644506256757
2021-10-08,1,0,Test,17886.849609375,17895.19921875,164.91241629776593
2021-10-11,1,0,Test,17867.55078125,17945.94921875,162.5942491929157
2021-10-12,1,0,Test,17915.80078125,17991.94921875,161.216346715991
2021-10-13,1,0,Test,18097.849609375,18161.75,184.00183843013707
2021-10-14,0,0,Test,18272.849609375,18338.55078125,225.21865079855016
2021-10-18,0,0,Test,18500.099609375,18477.05078125,269.4472363500749
2021-10-19,0,0,Test,18602.349609375,18418.75,281.5346161036637
2021-10-20,0,0,Test,18439.900390625,18266.599609375,284.83854370022954
2021-10-21,0,0,Test,18382.69921875,18178.099609375,277.7381896054961
2021-10-22,-1,0,Test,18230.69921875,18114.900390625,279.02806119064263
2021-10-25,-1,0,Test,18229.5,18125.400390625,280.54575511314704
2021-10-26,-1,0,Test,18154.5,18268.400390625,287.05714765097053
2021-10-27,-1,0,Test,18295.849609375,18210.94921875,285.4492469826497
2021-10-28,0,0,Test,18187.650390625,17857.25,279.20170015175904
2021-10-29,1,0,Test,17833.05078125,17671.650390625,275.40421108580085
2021-11-01,0,0,Test,17783.150390625,17929.650390625,251.6358574355764
2021-11-02,0,1,Test,17970.900390625,17888.94921875,240.86330227976816
2021-11-03,0,1,Test,17947.94921875,17829.19921875,240.52479423221115
2021-11-04,0,1,Test,17935.05078125,17916.80078125,223.59174142562676
2021-11-08,0,1,Test,18040.19921875,18068.55078125,214.13360614516296
2021-11-09,0,1,Test,18084.349609375,18044.25,209.9985642312797
2021-11-10,0,1,Test,17973.44921875,18017.19921875,208.10718475905523
2021-11-11,1,1,Test,17967.44921875,17873.599609375,212.639184206467
2021-11-12,-1,1,Test,17977.599609375,18102.75,211.89533540346835
2021-11-15,-1,1,Test,18140.94921875,18109.44921875,203.19218307905544
2021-11-16,-1,1,Test,18127.05078125,17999.19921875,179.31149528548426
2021-11-17,-1,1,Test,17939.349609375,17898.650390625,158.7229619575856
2021-11-18,-1,1,Test,17890.55078125,17764.80078125,157.1056534281735
2021-11-22,-1,1,Test,17796.25,17416.55078125,197.1820143441916
2021-11-23,-1,0,Test,17281.75,17503.349609375,217.51622433601972
2021-11-24,-1,0,Test,17550.05078125,17415.05078125,239.886964969957
2021-11-25,-1,0,Test,17417.30078125,17536.25,234.80256584836752
2021-11-26,1,0,Test,17338.75,17026.44921875,283.9310786146481
2021-11-29,1,0,Test,17055.80078125,17053.94921875,327.8554572033008
2021-11-30,1,0,Test,17051.150390625,16983.19921875,370.2776832940783
2021-12-01,0,0,Test,17104.400390625,17166.900390625,386.3590187230407
2021-12-02,0,0,Test,17183.19921875,17401.650390625,387.9008259222538
2021-12-03,0,0,Test,17424.900390625,17196.69921875,398.703402882546
2021-12-06,1,0,Test,17209.05078125,16912.25,422.53994904877646
2021-12-07,0,0,Test,17044.099609375,17176.69921875,414.64735832872543
2021-12-08,0,0,Test,17315.25,17469.75,396.6522601485532
2021-12-09,0,0,Test,17524.400390625,17516.849609375,377.72305101971887
2021-12-10,0,0,Test,17476.05078125,17511.30078125,366.172497005882
2021-12-13,-1,0,Test,17619.099609375,17368.25,333.48794937984354
2021-12-14,-1,0,Test,17283.19921875,17324.900390625,291.830488365836
2021-12-15,-1,0,Test,17323.650390625,17221.400390625,254.739743125908
2021-12-16,-1,0,Test,17373.0,17248.400390625,219.1290802120247
2021-12-17,-1,0,Test,17276.0,16985.19921875,202.8401672955716
2021-12-20,1,0,Test,16824.25,16614.19921875,247.19050993251236
2021-12-21,1,0,Test,16773.150390625,16770.849609375,258.8055712291684
2021-12-22,1,0,Test,16865.55078125,16955.44921875,258.643807835464
2021-12-23,0,0,Test,17066.80078125,17072.599609375,244.6820899839824
2021-12-24,1,0,Test,17149.5,17003.75,245.33149967319807
2021-12-27,1,0,Test,16937.75,17086.25,244.7874783407044
2021-12-28,1,0,Test,17177.599609375,17233.25,242.2281949505975
2021-12-31,1,0,Test,17244.5,17354.05078125,240.3354031910576
2022-01-03,1,0,Test,17387.150390625,17625.69921875,253.85886626648644
2022-10-20,0,0,Test,17423.099609375,17563.94921875,239.84214672957057
2022-10-21,1,0,Test,17622.849609375,17576.30078125,235.0365212500544
2022-10-24,1,0,Test,17736.349609375,17730.75,262.5562708439024
2022-10-25,1,0,Test,17808.30078125,17656.349609375,275.5367654800872
2022-11-04,0,0,Test,18053.400390625,18117.150390625,375.392246089273
2022-11-07,0,0,Test,18211.75,18202.80078125,394.1924934201288
2022-11-09,0,0,Test,18288.25,18157.0,400.2524610287495
2022-11-10,1,0,Test,18044.349609375,18028.19921875,372.9154341491645
2022-11-11,0,0,Test,18272.349609375,18349.69921875,369.75163662832506
2022-11-14,0,0,Test,18376.400390625,18329.150390625,341.2082008922986
2022-11-15,0,0,Test,18362.75,18403.400390625,324.42795944178783
2022-11-16,0,0,Test,18398.25,18409.650390625,310.06611168869057
2022-11-17,0,0,Test,18358.69921875,18343.900390625,299.25548712179085
2022-11-18,0,0,Test,18382.94921875,18307.650390625,281.9979075684516
2022-11-21,1,0,Test,18246.400390625,18159.94921875,258.4816403556496
2022-11-22,1,0,Test,18179.150390625,18244.19921875,231.82697799432472
2022-11-23,1,1,Test,18325.19921875,18267.25,215.77181680006692
2022-12-05,0,0,Test,18719.55078125,18701.05078125,220.0056177986504
2022-12-06,0,0,Test,18600.650390625,18642.75,219.4103341606645
2022-12-07,0,0,Test,18638.849609375,18560.5,210.44235509202196
2022-12-08,0,1,Test,18570.849609375,18609.349609375,186.50076693646344
2023-02-17,-1,0,Test,17974.849609375,17944.19921875,167.83191646293162
2023-02-20,-1,1,Test,17965.55078125,17844.599609375,162.41457518791103
2023-02-21,-1,1,Test,17905.80078125,17826.69921875,148.4587530332104
2023-02-22,-1,1,Test,17755.349609375,17554.30078125,143.10485779390436
2023-02-23,0,1,Test,17574.650390625,17511.25,154.52135913138872
2023-02-24,0,1,Test,17591.349609375,17465.80078125,165.38659618757063
2023-02-27,1,1,Test,17428.599609375,17392.69921875,184.1185194662236
2023-02-28,1,0,Test,17383.25,17303.94921875,209.51459946063528
2023-07-05,0,0,Test,19405.94921875,19398.5,259.45926322230565
2023-07-06,0,0,Test,19385.69921875,19497.30078125,293.8782909229819
2023-07-07,0,0,Test,19422.80078125,19331.80078125,302.41084275583734
2023-07-10,1,0,Test,19400.349609375,19355.900390625,303.5882146383915
2023-07-11,1,0,Test,19427.099609375,19439.400390625,307.7136248856682
2023-07-12,1,0,Test,19497.44921875,19384.30078125,310.07211643891986
2023-07-13,1,0,Test,19495.19921875,19413.75,312.5374831926767
2023-07-14,1,0,Test,19493.44921875,19564.5,316.2471519291879
2023-07-17,0,0,Test,19612.150390625,19711.44921875,333.97353129480547
2023-07-18,0,0,Test,19787.5,19749.25,343.28861741192355
2023-07-19,0,0,Test,19802.94921875,19833.150390625,355.93205030062967
2023-07-20,0,0,Test,19831.69921875,19979.150390625,375.6697689056216
2023-07-21,0,0,Test,19800.44921875,19745.0,363.17801540714777
2023-07-24,0,0,Test,19748.44921875,19672.349609375,328.1058128050681
2023-07-25,0,0,Test,19729.349609375,19680.599609375,283.5471890990865
2023-07-26,0,0,Test,19733.349609375,19778.30078125,245.60443612417333
2023-07-27,0,0,Test,19850.900390625,19659.900390625,210.4286051236849
2023-07-28,0,0,Test,19659.75,19646.05078125,192.6917160462201
2023-07-31,-1,0,Test,19666.349609375,19753.80078125,186.68306810614
2023-08-01,-1,0,Test,19784.0,19733.55078125,182.1089749136911
2023-08-02,0,1,Test,19655.400390625,19526.55078125,176.200012409566
2023-08-03,1,1,Test,19463.75,19381.650390625,182.3266917106411
2023-08-04,0,1,Test,19462.80078125,19517.0,171.45758598858907
2023-08-07,0,0,Test,19576.849609375,19597.30078125,159.50205320831833
2023-08-08,0,1,Test,19627.19921875,19570.849609375,153.4666993474236
2023-08-09,-1,1,Test,19578.80078125,19632.55078125,140.79405981683826
2023-08-10,-1,0,Test,19605.55078125,19543.099609375,131.69258837057097
2023-08-11,0,1,Test,19554.25,19428.30078125,140.33577109261125
2023-08-14,0,1,Test,19383.94921875,19434.55078125,148.1233025721545
2023-08-16,0,1,Test,19369.0,19465.0,151.015654559914
2023-08-17,0,1,Test,19450.55078125,19365.25,153.92897784590065
2023-08-18,0,1,Test,19301.75,19310.150390625,140.5779734551761
2023-08-21,0,1,Test,19320.650390625,19393.599609375,139.78710106617544
2023-08-22,0,1,Test,19417.099609375,19396.44921875,141.15406198177018
2023-08-23,0,1,Test,19439.19921875,19444.0,138.70773974099484
2023-08-24,0,1,Test,19535.150390625,19386.69921875,128.9442874930594
2023-08-25,1,1,Test,19297.400390625,19265.80078125,134.7050639373988
2023-08-28,1,1,Test,19298.349609375,19306.05078125,135.37551519334863
2023-08-29,1,1,Test,19374.849609375,19342.650390625,120.86819558468936
2023-08-30,1,1,Test,19433.44921875,19347.44921875,103.06367925053308
2023-08-31,1,1,Test,19375.55078125,19253.80078125,107.928740457953
2023-09-01,1,1,Test,19258.150390625,19435.30078125,107.61496457191272
2023-09-04,1,1,Test,19525.05078125,19528.80078125,108.19523496796226
2023-09-05,1,1,Test,19564.650390625,19574.900390625,106.390094295792
2023-09-06,1,1,Test,19581.19921875,19611.05078125,109.69351012687882
2023-09-07,1,1,Test,19598.650390625,19727.05078125,120.66873789169844
2023-09-08,1,0,Test,19774.80078125,19819.94921875,147.470455584091
2023-09-11,1,0,Test,19890.0,19996.349609375,192.5407033862135
2023-09-12,0,0,Test,20110.150390625,19993.19921875,224.89433277960265
2023-09-13,0,0,Test,19989.5,20070.0,258.3911395791524
2023-09-14,-1,0,Test,20127.94921875,20103.099609375,285.1552872299404
2023-09-15,-1,0,Test,20156.44921875,20192.349609375,310.6955118361437
2023-09-18,0,0,Test,20155.94921875,20133.30078125,327.2377140060799
2023-09-20,0,0,Test,19980.75,19901.400390625,326.41547687769366
2023-09-21,0,0,Test,19840.55078125,19742.349609375,322.2545116199792
2023-09-22,0,0,Test,19744.849609375,19674.25,314.4922446874918
2023-09-25,0,0,Test,19678.19921875,19674.55078125,297.5501801331997
2023-09-26,0,1,Test,19682.80078125,19664.69921875,281.5801192780334
2023-09-27,0,1,Test,19637.05078125,19716.44921875,265.8299923993812
2023-09-28,0,1,Test,19761.80078125,19523.55078125,254.17614278798663
2023-09-29,0,1,Test,19581.19921875,19638.30078125,226.3487165105025
2023-10-03,0,1,Test,19622.400390625,19528.75,219.5909640271552
2023-10-04,1,1,Test,19446.30078125,19436.099609375,226.2866670580869
2023-10-05,1,1,Test,19521.849609375,19545.75,227.80725915933425
2023-10-06,0,1,Test,19621.19921875,19653.5,226.29771478132847
2023-10-09,1,0,Test,19539.44921875,19512.349609375,234.23201681305827
2023-10-10,0,0,Test,19565.599609375,19689.849609375,234.75355542895997
2023-10-11,0,1,Test,19767.0,19811.349609375,228.9170781342824
2023-10-12,0,1,Test,19822.69921875,19794.0,222.4918932856503
2023-10-13,0,1,Test,19654.55078125,19751.05078125,209.41706470207555
2023-10-16,-1,1,Test,19737.25,19731.75,190.6208819050397
2023-10-17,-1,1,Test,19843.19921875,19811.5,156.4715234633539
2023-10-20,-1,1,Test,19542.150390625,19542.650390625,106.66581555293
2023-10-23,-1,1,Test,19521.599609375,19281.75,134.42711482039468
2023-10-25,-1,1,Test,19286.44921875,19122.150390625,175.35165027395914
2024-01-04,0,0,Test,21605.80078125,21658.599609375,304.0592950828876
2024-01-05,0,0,Test,21705.75,21710.80078125,293.78626271488906
2024-01-08,1,0,Test,21747.599609375,21513.0,276.6667045190282
2024-01-09,1,0,Test,21653.599609375,21544.849609375,258.5490414291652
2024-01-18,1,1,Test,21414.19921875,21462.25,207.8517534248465
2024-01-19,-1,0,Test,21615.19921875,21622.400390625,186.80308385318293
2024-01-23,1,0,Test,21716.69921875,21238.80078125,197.87588782642464
2024-02-06,0,0,Test,21825.19921875,21929.400390625,222.11169958025985
2024-02-07,0,0,Test,22045.05078125,21930.5,226.70651939690904
2024-02-08,0,0,Test,22009.650390625,21717.94921875,224.3558743101412
2024-02-09,1,0,Test,21727.0,21782.5,224.4552720031541
2024-02-12,1,0,Test,21800.80078125,21616.05078125,224.9638018547377
2024-02-13,1,0,Test,21664.30078125,21743.25,220.59821678872245
2024-02-14,1,0,Test,21578.150390625,21840.05078125,202.5277321307888
2024-02-15,1,0,Test,21906.55078125,21910.75,193.0027403955615
2024-02-16,0,0,Test,22020.30078125,22040.69921875,207.84402811769817
2024-02-19,0,0,Test,22103.44921875,22122.25,220.53843075598175
2024-02-20,0,0,Test,22099.19921875,22196.94921875,242.08737650021516
2024-02-21,0,0,Test,22248.849609375,22055.05078125,217.2695352428425
2024-02-22,0,0,Test,22081.55078125,22217.44921875,220.31776047972335
2024-02-23,0,0,Test,22290.0,22212.69921875,203.8742163060134
2024-02-26,1,0,Test,22169.19921875,22122.05078125,207.71071692026308
2024-02-27,1,0,Test,22090.19921875,22198.349609375,197.6845796168969
2024-02-28,1,1,Test,22214.099609375,21951.150390625,191.49886924678964
2024-02-29,1,1,Test,21935.19921875,21982.80078125,182.4618216312782
2024-03-01,0,0,Test,22048.30078125,22338.75,199.10213850697727
2024-03-04,0,0,Test,22403.5,22405.599609375,213.46175936281972
2024-03-05,-1,0,Test,22371.25,22356.30078125,225.387494564996
2024-03-06,-1,0,Test,22327.5,22474.05078125,243.8752015455236
2024-03-07,-1,0,Test,22505.30078125,22493.55078125,247.55088602936027
2024-03-11,0,0,Test,22517.5,22332.650390625,240.52754592879404
2024-03-12,-1,1,Test,22334.44921875,22335.69921875,211.6026470600466
2024-03-13,0,1,Test,22432.19921875,21997.69921875,191.51078867069657
2024-03-14,-1,1,Test,21982.55078125,22146.650390625,174.44219264254812
2024-03-15,0,1,Test,22064.849609375,22023.349609375,166.43364406540078
2024-03-18,0,0,Test,21990.099609375,22055.69921875,165.7093367161756
2024-03-19,1,1,Test,21946.44921875,21817.44921875,186.0897441404167
2024-03-20,1,1,Test,21843.900390625,21839.099609375,201.51519677812917
2024-03-21,1,0,Test,21989.900390625,22011.94921875,203.00942911767555
2024-03-22,1,0,Test,21932.19921875,22096.75,203.1824886512101
2024-03-26,1,0,Test,21947.900390625,22004.69921875,205.6308766007771
2024-03-27,1,0,Test,22053.94921875,22123.650390625,205.6200657757206
2024-03-28,0,0,Test,22163.599609375,22326.900390625,209.21201693105127
2024-04-01,0,0,Test,22455.0,22462.0,214.0501079249704
2024-04-02,0,0,Test,22458.80078125,22453.30078125,216.9257074067092
2024-04-03,1,0,Test,22385.69921875,22434.650390625,221.06312181611327
2024-04-04,1,0,Test,22592.099609375,22514.650390625,227.40616839507013
2024-04-05,1,0,Test,22486.400390625,22513.69921875,235.1441369020996
2024-04-08,-1,0,Test,22578.349609375,22666.30078125,249.4456188308203
2024-04-09,-1,0,Test,22765.099609375,22642.75,259.68379612546846
2024-04-10,-1,0,Test,22720.25,22753.80078125,283.57060900234654
2024-04-12,-1,0,Test,22677.400390625,22519.400390625,289.03862939483065
2024-04-15,0,0,Test,22339.05078125,22272.5,281.8439053381953
2024-04-16,0,1,Test,22125.30078125,22147.900390625,281.8119900190074
2024-04-18,1,1,Test,22212.349609375,21995.849609375,283.2144008971744
2024-04-19,1,1,Test,21861.5,22147.0,280.082226121332
2024-04-22,1,1,Test,22336.900390625,22336.400390625,257.39062790440806
2024-04-23,1,1,Test,22447.05078125,22368.0,232.0428061694652
2024-04-24,1,1,Test,22421.55078125,22402.400390625,219.08826801487936
2024-04-25,0,1,Test,22316.900390625,22570.349609375,214.78865713436664
2024-04-26,1,1,Test,22620.400390625,22419.94921875,195.52075919120105
2024-04-29,-1,1,Test,22475.55078125,22643.400390625,190.8420182241126
2024-04-30,-1,1,Test,22679.650390625,22604.849609375,193.0799423971573
2024-05-02,-1,0,Test,22567.849609375,22648.19921875,198.43588583596315
2024-10-29,0,0,Test,24328.849609375,24466.849609375,375.7634053229071
